Operationer, Endast sluten vård, Antal ingrepp/100 000 inv, Ålder: 0-85+, Båda könen
År;Operation;Region;0­4;5­9;10­14;15­19;20­24;25­29;30­34;35­39;40­44;45­49;50­54;55­59;60­64;65­69;70­74;75­79;80­84;85+;Totalt
2024;NBE41 Rekonstruktion av ligament i axel utan främmande material ­ Artroskopisk eller endoskopisk;Riket;0,0;0,0;0,0;0,0;0,0;0,0;0,0;0,0;0,0;0,0;0,0;0,0;0,0;0,0;0,0;0,0;0,0;0,0;0,0
2024;NBE41 Rekonstruktion av ligament i axel utan främmande material ­ Artroskopisk eller endoskopisk;Stockholms län;0,0;0,0;0,0;0,0;0,0;0,0;0,0;0,0;0,0;0,0;0,0;0,0;0,0;0,0;0,0;0,0;0,0;0,0;0,0
2024;NGE41 Rekonstruktion av ligament i knäled utan främmande material ­ Artroskopisk eller endoskopisk;Riket;0,0;0,2;3,5;10,2;7,9;6,6;4,4;5,5;3,5;3,0;1,8;1,3;0,3;0,0;0,2;0,0;0,0;0,0;3,0
2024;NGE41 Rekonstruktion av ligament i knäled utan främmande material ­ Artroskopisk eller endoskopisk;Stockholms län;0,0;0,0;2,0;6,8;7,7;4,9;3,4;3,7;4,6;4,3;0,6;3,2;0,0;0,0;0,0;0,0;0,0;0,0;2,7
2023;NBE41 Rekonstruktion av ligament i axel utan främmande material ­ Artroskopisk eller endoskopisk;Riket;0,0;0,0;0,0;0,0;0,0;0,0;0,0;0,0;0,0;0,0;0,0;0,0;0,2;0,0;0,0;0,0;0,0;0,0;0,0
2023;NBE41 Rekonstruktion av ligament i axel utan främmande material ­ Artroskopisk eller endoskopisk;Stockholms län;0,0;0,0;0,0;0,0;0,0;0,0;0,0;0,0;0,0;0,0;0,0;0,0;0,0;0,0;0,0;0,0;0,0;0,0;0,0
2023;NGE41 Rekonstruktion av ligament i knäled utan främmande material ­ Artroskopisk eller endoskopisk;Riket;0,0;0,2;3,3;8,4;6,6;7,0;5,1;3,4;2,6;2,8;1,5;0,7;0,3;0,0;0,0;0,0;0,0;0,0;2,6
2023;NGE41 Rekonstruktion av ligament i knäled utan främmande material ­ Artroskopisk eller endoskopisk;Stockholms län;0,0;0,0;3,4;8,4;7,8;4,8;4,9;5,4;3,5;3,6;0,6;0,6;0,8;0,0;0,0;0,0;0,0;0,0;2,9
2022;NBE41 Rekonstruktion av ligament i axel utan främmande material ­ Artroskopisk eller endoskopisk;Riket;0,0;0,0;0,0;0,0;0,0;0,0;0,0;0,0;0,0;0,0;0,2;0,0;0,0;0,0;0,0;0,0;0,0;0,0;0,0
2022;NBE41 Rekonstruktion av ligament i axel utan främmande material ­ Artroskopisk eller endoskopisk;Stockholms län;0,0;0,0;0,0;0,0;0,0;0,0;0,0;0,0;0,0;0,0;0,0;0,0;0,0;0,0;0,0;0,0;0,0;0,0;0,0
2022;NGE41 Rekonstruktion av ligament i knäled utan främmande material ­ Artroskopisk eller endoskopisk;Riket;0,0;0,0;2,7;4,7;3,4;4,6;2,9;1,6;1,9;2,1;1,7;0,9;0,5;0,0;0,0;0,0;0,0;0,0;1,7
2022;NGE41 Rekonstruktion av ligament i knäled utan främmande material ­ Artroskopisk eller endoskopisk;Stockholms län;0,0;0,0;2,7;5,7;3,2;2,9;2,5;0,0;0,0;1,2;1,9;0,7;2,4;0,0;0,0;0,0;0,0;0,0;1,4
2021;NBE41 Rekonstruktion av ligament i axel utan främmande material ­ Artroskopisk eller endoskopisk;Riket;0,0;0,0;0,0;0,0;0,0;0,0;0,0;0,0;0,0;0,0;0,0;0,0;0,0;0,0;0,0;0,0;0,0;0,0;0,0
2021;NBE41 Rekonstruktion av ligament i axel utan främmande material ­ Artroskopisk eller endoskopisk;Stockholms län;0,0;0,0;0,0;0,0;0,0;0,0;0,0;0,0;0,0;0,0;0,0;0,0;0,0;0,0;0,0;0,0;0,0;0,0;0,0
2021;NGE41 Rekonstruktion av ligament i knäled utan främmande material ­ Artroskopisk eller endoskopisk;Riket;0,0;0,0;1,6;4,5;6,7;4,1;2,8;2,5;3,5;2,1;0,9;1,1;0,0;0,0;0,0;0,0;0,0;0,0;1,8
2021;NGE41 Rekonstruktion av ligament i knäled utan främmande material ­ Artroskopisk eller endoskopisk;Stockholms län;0,0;0,0;2,7;3,0;3,2;3,9;1,0;1,7;2,4;2,4;1,3;1,3;0,0;0,0;0,0;0,0;0,0;0,0;1,5
2020;NBE41 Rekonstruktion av ligament i axel utan främmande material ­ Artroskopisk eller endoskopisk;Riket;0,0;0,0;0,0;0,2;0,2;0,0;0,0;0,0;0,0;0,1;0,0;0,0;0,0;0,0;0,0;0,0;0,0;0,0;0,0
2020;NBE41 Rekonstruktion av ligament i axel utan främmande material ­ Artroskopisk eller endoskopisk;Stockholms län;0,0;0,0;0,0;0,0;0,0;0,0;0,0;0,0;0,0;0,0;0,0;0,0;0,0;0,0;0,0;0,0;0,0;0,0;0,0
2020;NGE41 Rekonstruktion av ligament i knäled utan främmande material ­ Artroskopisk eller endoskopisk;Riket;0,0;0,2;0,6;12,0;14,2;8,4;5,6;4,0;4,1;2,8;1,9;0,8;1,1;0,0;0,0;0,0;0,0;0,0;3,4
2020;NGE41 Rekonstruktion av ligament i knäled utan främmande material ­ Artroskopisk eller endoskopisk;Stockholms län;0,0;0,0;0,7;8,4;7,9;4,4;1,5;1,7;1,2;1,2;0,0;0,0;0,0;0,0;0,0;0,0;0,0;0,0;1,7
2019;NBE41 Rekonstruktion av ligament i axel utan främmande material ­ Artroskopisk eller endoskopisk;Riket;0,0;0,0;0,0;0,0;0,0;0,1;0,0;0,0;0,0;0,0;0,1;0,0;0,2;0,0;0,0;0,0;0,0;0,0;0,0
2019;NBE41 Rekonstruktion av ligament i axel utan främmande material ­ Artroskopisk eller endoskopisk;Stockholms län;0,0;0,0;0,0;0,0;0,0;0,0;0,0;0,0;0,0;0,0;0,0;0,0;0,9;0,0;0,0;0,0;0,0;0,0;0,0
2019;NGE41 Rekonstruktion av ligament i knäled utan främmande material ­ Artroskopisk eller endoskopisk;Riket;0,0;0,2;1,5;13,3;11,8;7,6;4,8;5,6;4,6;5,0;2,8;1,8;0,2;0,4;0,0;0,0;0,0;0,0;3,7
2019;NGE41 Rekonstruktion av ligament i knäled utan främmande material ­ Artroskopisk eller endoskopisk;Stockholms län;0,0;0,7;2,1;11,7;9,3;4,9;3,7;3,4;3,7;3,6;1,9;0,7;0,9;1,0;0,0;0,0;0,0;0,0;3,0
2018;NBE41 Rekonstruktion av ligament i axel utan främmande material ­ Artroskopisk eller endoskopisk;Riket;0,0;0,0;0,0;0,0;0,2;0,0;0,1;0,0;0,2;0,0;0,0;0,0;0,0;0,0;0,0;0,0;0,0;0,0;0,0
2018;NBE41 Rekonstruktion av ligament i axel utan främmande material ­ Artroskopisk eller endoskopisk;Stockholms län;0,0;0,0;0,0;0,0;0,8;0,0;0,0;0,0;0,6;0,0;0,0;0,0;0,0;0,0;0,0;0,0;0,0;0,0;0,1
2018;NGE41 Rekonstruktion av ligament i knäled utan främmande material ­ Artroskopisk eller endoskopisk;Riket;0,0;0,0;1,2;18,8;15,2;12,1;6,2;6,9;5,6;3,0;3,5;0,5;1,2;0,2;0,2;0,0;0,0;0,0;4,6
2018;NGE41 Rekonstruktion av ligament i knäled utan främmande material ­ Artroskopisk eller endoskopisk;Stockholms län;0,0;0,0;2,9;17,8;13,7;12,0;8,3;7,6;4,9;4,3;5,7;2,3;3,5;1,0;0,0;0,0;0,0;0,0;5,4
2017;NBE41 Rekonstruktion av ligament i axel utan främmande material ­ Artroskopisk eller endoskopisk;Riket;0,0;0,0;0,0;0,0;0,2;0,0;0,0;0,3;0,0;0,0;0,1;0,0;0,0;0,0;0,0;0,0;0,0;0,0;0,0
2017;NBE41 Rekonstruktion av ligament i axel utan främmande material ­ Artroskopisk eller endoskopisk;Stockholms län;0,0;0,0;0,0;0,0;0,7;0,0;0,0;0,6;0,0;0,0;0,0;0,0;0,0;0,0;0,0;0,0;0,0;0,0;0,1
2017;NGE41 Rekonstruktion av ligament i knäled utan främmande material ­ Artroskopisk eller endoskopisk;Riket;0,0;0,2;5,1;31,3;21,0;15,8;10,9;6,6;8,2;5,9;2,8;1,0;0,9;0,0;0,0;0,0;0,0;0,0;6,7
2017;NGE41 Rekonstruktion av ligament i knäled utan främmande material ­ Artroskopisk eller endoskopisk;Stockholms län;0,0;0,0;10,4;42,9;18,5;20,6;14,2;7,2;10,3;10,7;5,8;1,6;2,7;0,0;0,0;0,0;0,0;0,0;9,3
2016;NBE41 Rekonstruktion av ligament i axel utan främmande material ­ Artroskopisk eller endoskopisk;Riket;0,0;0,0;0,0;0,2;0,2;0,1;0,3;0,0;0,2;0,2;0,0;0,3;0,0;0,0;0,0;0,0;0,0;0,0;0,1
2016;NBE41 Rekonstruktion av ligament i axel utan främmande material ­ Artroskopisk eller endoskopisk;Stockholms län;0,0;0,0;0,0;0,9;0,7;0,6;1,2;0,0;0,6;0,0;0,0;1,6;0,0;0,0;0,0;0,0;0,0;0,0;0,4
2016;NGE41 Rekonstruktion av ligament i knäled utan främmande material ­ Artroskopisk eller endoskopisk;Riket;0,0;0,3;10,0;45,4;27,1;17,9;10,5;9,5;6,9;5,1;3,8;2,8;0,4;0,0;0,0;0,0;0,0;0,0;8,5
2016;NGE41 Rekonstruktion av ligament i knäled utan främmande material ­ Artroskopisk eller endoskopisk;Stockholms län;0,0;0,0;24,6;84,9;43,5;28,7;15,2;13,4;13,2;6,4;8,6;4,0;0,0;0,0;0,0;0,0;0,0;0,0;15,0
2015;NBE41 Rekonstruktion av ligament i axel utan främmande material ­ Artroskopisk eller endoskopisk;Riket;0,0;0,0;0,0;0,4;0,0;0,0;0,2;0,0;0,0;0,2;0,2;0,0;0,0;0,0;0,0;0,0;0,0;0,0;0,1
2015;NBE41 Rekonstruktion av ligament i axel utan främmande material ­ Artroskopisk eller endoskopisk;Stockholms län;0,0;0,0;0,0;0,0;0,0;0,0;0,6;0,0;0,0;0,0;0,7;0,0;0,0;0,0;0,0;0,0;0,0;0,0;0,1
2015;NGE41 Rekonstruktion av ligament i knäled utan främmande material ­ Artroskopisk eller endoskopisk;Riket;0,0;0,3;17,0;42,9;35,1;20,5;15,5;12,9;12,7;8,3;2,8;2,2;1,1;0,2;0,0;0,0;0,0;0,0;10,6
2015;NGE41 Rekonstruktion av ligament i knäled utan främmande material ­ Artroskopisk eller endoskopisk;Stockholms län;0,0;1,4;53,6;88,4;66,2;38,0;29,7;31,6;26,5;16,0;6,2;8,1;1,8;0,0;0,0;0,0;0,0;0,0;23,4
2014;NBE41 Rekonstruktion av ligament i axel utan främmande material ­ Artroskopisk eller endoskopisk;Riket;0,0;0,0;0,0;0,0;0,1;0,0;0,0;0,0;0,2;0,0;0,0;0,0;0,0;0,0;0,0;0,0;0,0;0,0;0,0
2014;NBE41 Rekonstruktion av ligament i axel utan främmande material ­ Artroskopisk eller endoskopisk;Stockholms län;0,0;0,0;0,0;0,0;0,7;0,0;0,0;0,0;0,0;0,0;0,0;0,0;0,0;0,0;0,0;0,0;0,0;0,0;0,0
2014;NGE41 Rekonstruktion av ligament i knäled utan främmande material ­ Artroskopisk eller endoskopisk;Riket;0,0;0,2;11,4;55,7;38,0;24,1;18,5;15,3;13,2;10,8;4,7;3,6;0,7;0,2;0,2;0,0;0,0;0,0;12,2
2014;NGE41 Rekonstruktion av ligament i knäled utan främmande material ­ Artroskopisk eller endoskopisk;Stockholms län;0,0;0,7;35,1;132,3;90,0;53,4;45,1;36,3;28,9;23,5;13,0;12,4;1,8;0,9;0,0;0,0;0,0;0,0;30,4
2013;NBE41 Rekonstruktion av ligament i axel utan främmande material ­ Artroskopisk eller endoskopisk;Riket;0,0;0,0;0,0;0,0;0,1;0,0;0,2;0,0;0,3;0,0;0,0;0,0;0,0;0,0;0,0;0,0;0,0;0,0;0,0
2013;NBE41 Rekonstruktion av ligament i axel utan främmande material ­ Artroskopisk eller endoskopisk;Stockholms län;0,0;0,0;0,0;0,0;0,7;0,0;0,6;0,0;0,0;0,0;0,0;0,0;0,0;0,0;0,0;0,0;0,0;0,0;0,1
2013;NGE41 Rekonstruktion av ligament i knäled utan främmande material ­ Artroskopisk eller endoskopisk;Riket;0,0;0,4;10,6;56,5;43,6;28,4;15,8;18,3;14,4;8,5;4,0;2,4;0,5;0,3;0,0;0,0;0,0;0,0;12,9
2013;NGE41 Rekonstruktion av ligament i knäled utan främmande material ­ Artroskopisk eller endoskopisk;Stockholms län;0,0;1,5;34,9;116,4;78,0;45,7;37,9;42,9;37,1;20,9;10,6;5,1;0,0;1,8;0,0;0,0;0,0;0,0;28,3
2012;NBE41 Rekonstruktion av ligament i axel utan främmande material ­ Artroskopisk eller endoskopisk;Riket;0,0;0,0;0,0;0,3;0,2;0,2;0,0;0,5;0,2;0,0;0,0;0,2;0,0;0,0;0,0;0,0;0,0;0,0;0,1
2012;NBE41 Rekonstruktion av ligament i axel utan främmande material ­ Artroskopisk eller endoskopisk;Stockholms län;0,0;0,0;0,0;0,0;0,0;0,0;0,0;0,0;0,0;0,0;0,0;0,0;0,0;0,0;0,0;0,0;0,0;0,0;0,0
2012;NGE41 Rekonstruktion av ligament i knäled utan främmande material ­ Artroskopisk eller endoskopisk;Riket;0,0;0,0;9,8;57,7;43,4;33,4;19,4;15,4;13,7;9,7;3,4;1,2;0,3;0,0;0,0;0,0;0,0;0,0;13,2
2012;NGE41 Rekonstruktion av ligament i knäled utan främmande material ­ Artroskopisk eller endoskopisk;Stockholms län;0,0;0,0;29,0;146,8;88,4;71,5;41,3;37,6;42,3;20,6;8,6;0,0;0,9;0,0;0,0;0,0;0,0;0,0;32,1
2011;NBE41 Rekonstruktion av ligament i axel utan främmande material ­ Artroskopisk eller endoskopisk;Riket;0,0;0,0;0,0;0,0;0,0;0,0;0,2;0,3;0,0;0,2;0,0;0,0;0,0;0,0;0,0;0,0;0,0;0,0;0,0
2011;NBE41 Rekonstruktion av ligament i axel utan främmande material ­ Artroskopisk eller endoskopisk;Stockholms län;0,0;0,0;0,0;0,0;0,0;0,0;0,0;0,0;0,0;0,0;0,0;0,0;0,0;0,0;0,0;0,0;0,0;0,0;0,0
2011;NGE41 Rekonstruktion av ligament i knäled utan främmande material ­ Artroskopisk eller endoskopisk;Riket;0,0;0,0;10,9;61,3;42,6;29,6;22,8;15,4;11,2;10,1;3,9;1,7;0,2;0,0;0,0;0,0;0,0;0,0;13,5
2011;NGE41 Rekonstruktion av ligament i knäled utan främmande material ­ Artroskopisk eller endoskopisk;Stockholms län;0,0;0,0;32,5;135,0;87,6;51,3;50,6;35,0;23,3;24,6;11,1;4,4;0,9;0,0;0,0;0,0;0,0;0,0;30,2
2010;NBE41 Rekonstruktion av ligament i axel utan främmande material ­ Artroskopisk eller endoskopisk;Riket;0,0;0,0;0,0;0,3;0,3;0,0;0,2;0,0;0,0;0,2;0,3;0,0;0,3;0,0;0,0;0,0;0,0;0,0;0,1
2010;NBE41 Rekonstruktion av ligament i axel utan främmande material ­ Artroskopisk eller endoskopisk;Stockholms län;0,0;0,0;0,0;0,0;0,0;0,0;0,0;0,0;0,0;0,0;0,8;0,0;0,8;0,0;0,0;0,0;0,0;0,0;0,1
2010;NGE41 Rekonstruktion av ligament i knäled utan främmande material ­ Artroskopisk eller endoskopisk;Riket;0,0;0,4;7,9;49,8;44,3;27,4;21,0;18,6;14,1;8,4;3,6;1,2;0,2;0,2;0,0;0,0;0,0;0,0;12,8
2010;NGE41 Rekonstruktion av ligament i knäled utan främmande material ­ Artroskopisk eller endoskopisk;Stockholms län;0,0;0,8;17,8;84,0;61,4;44,3;36,0;24,7;23,4;17,3;9,7;0,9;0,0;1,0;0,0;0,0;0,0;0,0;21,6
2009;NBE41 Rekonstruktion av ligament i axel utan främmande material ­ Artroskopisk eller endoskopisk;Riket;0,0;0,0;0,0;0,0;0,7;0,2;0,3;0,0;0,3;0,2;0,5;0,2;0,0;0,0;0,0;0,0;0,0;0,0;0,2
2009;NBE41 Rekonstruktion av ligament i axel utan främmande material ­ Artroskopisk eller endoskopisk;Stockholms län;0,0;0,0;0,0;0,0;0,0;0,0;0,0;0,0;0,0;0,0;0,0;0,0;0,0;0,0;0,0;0,0;0,0;0,0;0,0
2009;NGE41 Rekonstruktion av ligament i knäled utan främmande material ­ Artroskopisk eller endoskopisk;Riket;0,0;0,2;5,3;45,8;42,2;28,0;20,3;14,9;14,1;7,9;3,4;1,6;0,8;0,0;0,0;0,0;0,0;0,4;12,0
2009;NGE41 Rekonstruktion av ligament i knäled utan främmande material ­ Artroskopisk eller endoskopisk;Stockholms län;0,0;0,9;12,9;37,7;43,9;32,4;18,5;17,0;16,7;10,9;4,1;0,0;0,8;0,0;0,0;0,0;0,0;2,3;13,2
2008;NBE41 Rekonstruktion av ligament i axel utan främmande material ­ Artroskopisk eller endoskopisk;Riket;0,0;0,0;0,0;0,6;0,4;0,4;0,3;0,2;0,0;0,0;0,0;0,3;0,2;0,2;0,0;0,0;0,0;0,0;0,2
2008;NBE41 Rekonstruktion av ligament i axel utan främmande material ­ Artroskopisk eller endoskopisk;Stockholms län;0,0;0,0;0,0;0,8;0,0;0,0;0,0;0,0;0,0;0,0;0,0;0,0;0,0;0,0;0,0;0,0;0,0;0,0;0,1
2008;NGE41 Rekonstruktion av ligament i knäled utan främmande material ­ Artroskopisk eller endoskopisk;Riket;0,0;0,0;4,5;51,3;41,0;32,6;22,2;16,9;17,8;7,7;4,8;1,4;0,2;0,2;0,0;0,0;0,0;0,0;13,1
2008;NGE41 Rekonstruktion av ligament i knäled utan främmande material ­ Artroskopisk eller endoskopisk;Stockholms län;0,0;0,0;8,1;59,9;41,6;46,2;29,5;24,5;30,8;14,4;8,4;3,5;0,8;0,0;0,0;0,0;0,0;0,0;18,4
2007;NBE41 Rekonstruktion av ligament i axel utan främmande material ­ Artroskopisk eller endoskopisk;Riket;0,0;0,0;0,0;0,2;0,2;0,0;0,0;0,3;0,2;0,3;0,0;0,3;0,0;0,7;0,0;0,3;0,0;0,0;0,1
2007;NBE41 Rekonstruktion av ligament i axel utan främmande material ­ Artroskopisk eller endoskopisk;Stockholms län;0,0;0,0;0,0;0,0;0,0;0,0;0,0;0,0;0,0;0,0;0,0;0,0;0,0;0,0;0,0;0,0;0,0;0,0;0,0
2007;NGE41 Rekonstruktion av ligament i knäled utan främmande material ­ Artroskopisk eller endoskopisk;Riket;0,0;0,0;7,6;64,9;47,5;42,6;30,1;23,4;21,7;13,8;5,7;1,8;0,5;0,2;0,0;0,0;0,0;0,4;16,9
2007;NGE41 Rekonstruktion av ligament i knäled utan främmande material ­ Artroskopisk eller endoskopisk;Stockholms län;0,0;0,0;16,5;102,9;63,4;80,9;53,8;41,9;44,2;32,0;15,3;4,3;1,7;0,0;0,0;0,0;0,0;2,3;31,3
2006;NBE41 Rekonstruktion av ligament i axel utan främmande material ­ Artroskopisk eller endoskopisk;Riket;0,0;0,0;0,0;0,2;0,2;0,4;0,2;0,2;0,2;0,2;0,0;0,2;0,0;0,0;0,0;0,0;0,0;0,0;0,1
2006;NBE41 Rekonstruktion av ligament i axel utan främmande material ­ Artroskopisk eller endoskopisk;Stockholms län;0,0;0,0;0,0;0,0;0,0;0,0;0,0;0,0;0,0;0,0;0,0;0,0;0,0;0,0;0,0;0,0;0,0;0,0;0,0
2006;NGE41 Rekonstruktion av ligament i knäled utan främmande material ­ Artroskopisk eller endoskopisk;Riket;0,0;0,0;5,2;79,8;69,2;55,0;41,9;32,9;24,3;14,0;5,7;2,3;0,8;0,2;0,0;0,0;0,0;0,0;21,4
2006;NGE41 Rekonstruktion av ligament i knäled utan främmande material ­ Artroskopisk eller endoskopisk;Stockholms län;0,0;0,0;12,6;140,0;94,3;83,5;62,9;44,2;48,9;23,0;16,4;3,3;0,9;1,3;0,0;0,0;0,0;0,0;35,7
2005;NBE41 Rekonstruktion av ligament i axel utan främmande material ­ Artroskopisk eller endoskopisk;Riket;0,0;0,0;0,0;0,2;0,2;0,2;0,3;0,0;0,0;0,2;0,0;0,0;0,0;0,0;0,0;0,0;0,0;0,0;0,1
2005;NBE41 Rekonstruktion av ligament i axel utan främmande material ­ Artroskopisk eller endoskopisk;Stockholms län;0,0;0,0;0,0;0,0;1,0;0,0;0,0;0,0;0,0;0,8;0,0;0,0;0,0;0,0;0,0;0,0;0,0;0,0;0,1
2005;NGE41 Rekonstruktion av ligament i knäled utan främmande material ­ Artroskopisk eller endoskopisk;Riket;0,0;0,0;6,6;69,0;69,2;54,9;45,3;30,4;27,3;13,3;4,3;1,3;0,4;0,2;0,3;0,3;0,0;0,0;20,7
2005;NGE41 Rekonstruktion av ligament i knäled utan främmande material ­ Artroskopisk eller endoskopisk;Stockholms län;0,0;0,0;14,8;98,1;104,6;74,9;68,3;49,2;34,7;24,9;6,9;3,2;1,8;0,0;0,0;0,0;0,0;0,0;32,5
2004;NBE41 Rekonstruktion av ligament i axel utan främmande material ­ Artroskopisk eller endoskopisk;Riket;0,0;0,0;0,0;0,0;0,0;0,0;0,3;0,3;0,0;0,0;0,0;0,2;0,0;0,0;0,0;0,0;0,0;0,0;0,1
2004;NBE41 Rekonstruktion av ligament i axel utan främmande material ­ Artroskopisk eller endoskopisk;Stockholms län;0,0;0,0;0,0;0,0;0,0;0,0;0,0;0,0;0,0;0,0;0,0;0,0;0,0;0,0;0,0;0,0;0,0;0,0;0,0
2004;NGE41 Rekonstruktion av ligament i knäled utan främmande material ­ Artroskopisk eller endoskopisk;Riket;0,0;0,0;2,4;77,5;69,7;63,7;47,6;33,4;26,7;10,9;5,4;1,7;0,4;0,0;0,0;0,0;0,0;0,0;21,7
2004;NGE41 Rekonstruktion av ligament i knäled utan främmande material ­ Artroskopisk eller endoskopisk;Stockholms län;0,0;0,0;6,5;116,2;80,4;91,5;77,6;47,1;42,1;13,8;12,1;2,3;1,0;0,0;0,0;0,0;0,0;0,0;33,4
2003;NBE41 Rekonstruktion av ligament i axel utan främmande material ­ Artroskopisk eller endoskopisk;Riket;0,0;0,0;0,0;0,0;0,0;0,2;0,2;0,0;0,2;0,0;0,2;0,0;0,0;0,0;0,0;0,0;0,0;0,0;0,0
2003;NBE41 Rekonstruktion av ligament i axel utan främmande material ­ Artroskopisk eller endoskopisk;Stockholms län;0,0;0,0;0,0;0,0;0,0;0,0;0,0;0,0;0,8;0,0;0,0;0,0;0,0;0,0;0,0;0,0;0,0;0,0;0,1
2003;NGE41 Rekonstruktion av ligament i knäled utan främmande material ­ Artroskopisk eller endoskopisk;Riket;0,0;0,0;3,2;64,5;79,5;72,0;50,3;39,8;23,0;9,6;3,8;2,0;0,0;0,0;0,3;0,0;0,0;0,0;22,2
2003;NGE41 Rekonstruktion av ligament i knäled utan främmande material ­ Artroskopisk eller endoskopisk;Stockholms län;0,0;0,0;6,6;90,0;117,2;109,6;84,1;73,8;45,9;13,2;5,1;3,9;0,0;0,0;0,0;0,0;0,0;0,0;38,2
2002;NBE41 Rekonstruktion av ligament i axel utan främmande material ­ Artroskopisk eller endoskopisk;Riket;0,0;0,0;0,0;0,4;0,2;0,2;0,2;0,0;0,2;0,0;0,0;0,2;0,0;0,0;0,0;0,0;0,0;0,0;0,1
2002;NBE41 Rekonstruktion av ligament i axel utan främmande material ­ Artroskopisk eller endoskopisk;Stockholms län;0,0;0,0;0,0;0,0;0,0;0,0;0,0;0,0;0,0;0,0;0,0;0,0;0,0;0,0;0,0;0,0;0,0;0,0;0,0
2002;NGE41 Rekonstruktion av ligament i knäled utan främmande material ­ Artroskopisk eller endoskopisk;Riket;0,0;0,0;1,3;61,1;68,0;67,5;49,4;35,4;21,9;10,1;3,2;1,3;0,6;0,0;0,0;0,0;0,0;0,0;20,4
2002;NGE41 Rekonstruktion av ligament i knäled utan främmande material ­ Artroskopisk eller endoskopisk;Stockholms län;0,0;0,0;0,8;88,2;88,8;79,1;74,9;52,6;31,6;12,5;4,1;2,3;1,1;0,0;0,0;0,0;0,0;0,0;30,2
2001;NBE41 Rekonstruktion av ligament i axel utan främmande material ­ Artroskopisk eller endoskopisk;Riket;0,0;0,0;0,0;0,6;0,2;0,2;0,6;0,0;0,0;0,5;0,0;0,0;0,0;0,0;0,0;0,0;0,0;0,0;0,1
2001;NBE41 Rekonstruktion av ligament i axel utan främmande material ­ Artroskopisk eller endoskopisk;Stockholms län;0,0;0,0;0,0;0,0;0,0;0,0;0,0;0,0;0,0;0,0;0,0;0,0;0,0;0,0;0,0;0,0;0,0;0,0;0,0
2001;NGE41 Rekonstruktion av ligament i knäled utan främmande material ­ Artroskopisk eller endoskopisk;Riket;0,0;0,0;1,2;62,7;81,0;72,3;52,6;32,0;22,3;8,9;3,0;0,7;0,2;0,0;0,0;0,0;0,4;0,0;21,5
2001;NGE41 Rekonstruktion av ligament i knäled utan främmande material ­ Artroskopisk eller endoskopisk;Stockholms län;0,0;0,0;4,4;92,7;93,8;83,2;72,5;37,5;36,0;13,5;3,2;1,6;0,0;0,0;0,0;0,0;0,0;0,0;30,1
2000;NBE41 Rekonstruktion av ligament i axel utan främmande material ­ Artroskopisk eller endoskopisk;Riket;0,0;0,0;0,0;0,2;0,2;0,0;0,0;0,2;0,0;0,0;0,0;0,2;0,0;0,0;0,0;0,0;0,0;0,0;0,0
2000;NBE41 Rekonstruktion av ligament i axel utan främmande material ­ Artroskopisk eller endoskopisk;Stockholms län;0,0;0,0;0,0;0,0;0,0;0,0;0,0;0,0;0,0;0,0;0,0;0,9;0,0;0,0;0,0;0,0;0,0;0,0;0,1
2000;NGE41 Rekonstruktion av ligament i knäled utan främmande material ­ Artroskopisk eller endoskopisk;Riket;0,0;0,0;1,4;65,5;78,9;72,9;48,1;36,2;18,3;6,8;2,6;1,4;0,2;0,3;0,0;0,0;0,0;0,0;21,3
2000;NGE41 Rekonstruktion av ligament i knäled utan främmande material ­ Artroskopisk eller endoskopisk;Stockholms län;0,0;0,0;4,6;104,7;101,3;91,2;73,7;57,3;30,1;15,3;6,2;3,4;0,0;0,0;0,0;0,0;0,0;0,0;33,7
1999;NBE41 Rekonstruktion av ligament i axel utan främmande material ­ Artroskopisk eller endoskopisk;Riket;0,0;0,0;0,0;0,4;0,2;0,2;0,2;0,2;0,0;0,0;0,0;0,0;0,0;0,0;0,0;0,0;0,0;0,0;0,1
1999;NBE41 Rekonstruktion av ligament i axel utan främmande material ­ Artroskopisk eller endoskopisk;Stockholms län;0,0;0,0;0,0;1,1;0,0;0,0;0,0;0,0;0,0;0,0;0,0;0,0;0,0;0,0;0,0;0,0;0,0;0,0;0,1
1999;NGE41 Rekonstruktion av ligament i knäled utan främmande material ­ Artroskopisk eller endoskopisk;Riket;0,0;0,0;2,0;59,7;80,1;70,9;41,3;35,0;14,8;6,1;2,1;0,7;0,0;0,3;0,0;0,0;0,0;0,0;20,0
1999;NGE41 Rekonstruktion av ligament i knäled utan främmande material ­ Artroskopisk eller endoskopisk;Stockholms län;0,0;0,0;2,9;81,8;96,3;85,5;56,1;47,2;27,3;10,1;3,8;1,9;0,0;0,0;0,0;0,0;0,0;0,0;28,5
1998;NBE41 Rekonstruktion av ligament i axel utan främmande material ­ Artroskopisk eller endoskopisk;Riket;0,0;0,0;0,0;0,2;0,6;0,5;0,2;0,2;0,0;0,2;0,2;0,0;0,2;0,0;0,0;0,0;0,0;0,0;0,1
1998;NBE41 Rekonstruktion av ligament i axel utan främmande material ­ Artroskopisk eller endoskopisk;Stockholms län;0,0;0,0;0,0;1,1;0,0;0,7;0,0;0,7;0,0;0,0;0,7;0,0;1,4;0,0;0,0;0,0;0,0;0,0;0,3
1998;NGE41 Rekonstruktion av ligament i knäled utan främmande material ­ Artroskopisk eller endoskopisk;Riket;0,0;0,0;0,9;58,0;75,0;71,2;42,9;27,2;14,1;5,9;1,8;0,8;0,0;0,3;0,3;0,3;0,0;0,5;19,3
1998;NGE41 Rekonstruktion av ligament i knäled utan främmande material ­ Artroskopisk eller endoskopisk;Stockholms län;0,0;0,0;2,0;91,4;74,6;84,2;55,1;38,8;22,9;12,5;1,5;3,0;0,0;1,5;1,6;0,0;0,0;0,0;26,7
Socialstyrelsens statistikdatabas 2026-02-23